"","year","month","day","dep_time","sched_dep_time","dep_delay","arr_time","sched_arr_time","arr_delay","carrier","flight","tailnum","origin","dest","air_time","distance","hour","minute","time_hour"
"1",2013,8,9,NA,2100,NA,NA,2214,NA,"US",2197,NA,"LGA","DCA",NA,214,21,0,2013-08-09 21:00:00
"2",2013,4,14,1555,1600,-5,1731,1720,11,"AA",854,"N3EHAA","JFK","BOS",43,187,16,0,2013-04-14 16:00:00
"3",2013,10,29,1936,1935,1,2237,2250,-13,"AA",2437,"N3ASAA","LGA","MIA",145,1096,19,35,2013-10-29 19:00:00
"4",2013,5,2,951,945,6,1222,1240,-18,"B6",393,"N703JB","LGA","MCO",126,950,9,45,2013-05-02 09:00:00
"5",2013,7,17,1831,1822,9,2121,2155,-34,"UA",1141,"N28457","EWR","SFO",307,2565,18,22,2013-07-17 18:00:00
"6",2013,7,17,1229,1230,-1,1507,1520,-13,"WN",40,"N269WN","LGA","HOU",183,1428,12,30,2013-07-17 12:00:00
"7",2013,8,4,558,600,-2,811,815,-4,"FL",345,"N344AT","LGA","ATL",105,762,6,0,2013-08-04 06:00:00
"8",2013,4,7,1525,1529,-4,1647,1653,-6,"EV",4321,"N21537","EWR","MKE",117,725,15,29,2013-04-07 15:00:00
"9",2013,5,31,2028,2014,14,2313,2324,-11,"UA",830,"N854UA","EWR","MIA",138,1085,20,14,2013-05-31 20:00:00
"10",2013,7,14,1830,1835,-5,2113,2155,-42,"AA",269,"N3CEAA","JFK","SEA",321,2422,18,35,2013-07-14 18:00:00
"11",2013,7,15,626,630,-4,753,813,-20,"EV",4334,"N16559","EWR","CMH",70,463,6,30,2013-07-15 06:00:00
"12",2013,6,19,1527,1530,-3,1629,1650,-21,"WN",216,"N224WN","EWR","MDW",107,711,15,30,2013-06-19 15:00:00
"13",2013,6,1,837,845,-8,1021,1044,-23,"US",1429,"N755US","LGA","CLT",79,544,8,45,2013-06-01 08:00:00
"14",2013,9,3,1926,1930,-4,2308,2238,30,"DL",2370,"N342NB","LGA","PBI",160,1035,19,30,2013-09-03 19:00:00
"15",2013,10,9,1522,1535,-13,1647,1727,-40,"UA",322,"N814UA","LGA","CLE",61,419,15,35,2013-10-09 15:00:00
"16",2013,4,18,1704,1700,4,2047,2100,-13,"DL",329,"N3763D","JFK","SJU",190,1598,17,0,2013-04-18 17:00:00
"17",2013,12,21,804,805,-1,1049,1111,-22,"9E",2909,"N934XJ","JFK","TPA",149,1005,8,5,2013-12-21 08:00:00
"18",2013,5,3,849,825,24,1049,1049,0,"DL",2170,"N710TW","JFK","PHX",271,2153,8,25,2013-05-03 08:00:00
"19",2013,6,4,1714,1715,-1,2023,2012,11,"DL",503,"N3766","JFK","SAN",321,2446,17,15,2013-06-04 17:00:00
"20",2013,10,29,1504,1507,-3,1731,1738,-7,"EV",4377,"N26549","EWR","JAX",122,820,15,7,2013-10-29 15:00:00
"21",2013,4,28,1800,1804,-4,2113,2145,-32,"B6",173,"N633JB","JFK","SJC",340,2569,18,4,2013-04-28 18:00:00
"22",2013,2,19,1759,1805,-6,1935,1921,14,"B6",1016,"N526JB","JFK","BOS",42,187,18,5,2013-02-19 18:00:00
"23",2013,10,30,1047,1050,-3,1238,1250,-12,"MQ",3689,"N539MQ","LGA","DTW",82,502,10,50,2013-10-30 10:00:00
"24",2013,11,9,1847,1825,22,2026,2000,26,"WN",4128,"N714CB","EWR","MDW",123,711,18,25,2013-11-09 18:00:00
"25",2013,9,16,1513,1440,33,1806,1742,24,"DL",1902,"N331NB","LGA","PBI",147,1035,14,40,2013-09-16 14:00:00
"26",2013,10,9,1216,1219,-3,1509,1519,-10,"UA",1496,"N27722","EWR","SNA",336,2434,12,19,2013-10-09 12:00:00
"27",2013,6,17,601,545,16,829,819,10,"UA",1714,"N37255","LGA","IAH",189,1416,5,45,2013-06-17 05:00:00
"28",2013,2,10,1719,1725,-6,2025,2050,-25,"UA",512,"N554UA","JFK","SFO",335,2586,17,25,2013-02-10 17:00:00
"29",2013,3,30,1745,1736,9,2019,2029,-10,"B6",9,"N703JB","JFK","MCO",129,944,17,36,2013-03-30 17:00:00
"30",2013,10,21,1852,1855,-3,2118,2130,-12,"DL",87,"N186DN","JFK","ATL",119,760,18,55,2013-10-21 18:00:00
"31",2013,3,23,1055,900,115,1323,1126,117,"DL",485,"N308DE","EWR","ATL",123,746,9,0,2013-03-23 09:00:00
"32",2013,5,7,1446,1430,16,1631,1640,-9,"EV",4181,"N17169","EWR","MCI",137,1092,14,30,2013-05-07 14:00:00
"33",2013,8,29,1231,1224,7,1353,1336,17,"UA",628,"N808UA","EWR","BOS",47,200,12,24,2013-08-29 12:00:00
"34",2013,10,19,1558,1545,13,1932,1942,-10,"DL",4,"N3747D","JFK","SJU",188,1598,15,45,2013-10-19 15:00:00
"35",2013,3,27,1702,1703,-1,1828,1852,-24,"EV",4202,"N15983","EWR","STL",128,872,17,3,2013-03-27 17:00:00
"36",2013,9,11,2134,1940,114,2256,2120,96,"AA",363,"N477AA","LGA","ORD",109,733,19,40,2013-09-11 19:00:00
"37",2013,7,23,1013,959,14,1215,1207,8,"EV",4495,"N15574","EWR","SAV",103,708,9,59,2013-07-23 09:00:00
"38",2013,7,4,1153,1155,-2,1247,1323,-36,"EV",4974,"N758EV","LGA","BTV",40,258,11,55,2013-07-04 11:00:00
"39",2013,7,5,1932,1936,-4,2217,2233,-16,"B6",1271,"N507JB","LGA","FLL",144,1076,19,36,2013-07-05 19:00:00
"40",2013,9,8,2100,2100,0,2337,14,-37,"DL",2363,"N192DN","JFK","LAX",306,2475,21,0,2013-09-08 21:00:00
"41",2013,12,18,748,745,3,1142,1102,40,"DL",440,"N723TW","JFK","SEA",367,2422,7,45,2013-12-18 07:00:00
"42",2013,12,25,1512,1515,-3,1805,1811,-6,"UA",577,"N404UA","EWR","TPA",148,997,15,15,2013-12-25 15:00:00
"43",2013,6,26,1135,1135,0,1443,1451,-8,"DL",2215,"N982DL","LGA","FLL",148,1076,11,35,2013-06-26 11:00:00
"44",2013,10,29,618,615,3,815,821,-6,"EV",4471,"N10575","EWR","CLT",92,529,6,15,2013-10-29 06:00:00
"45",2013,10,30,1253,1259,-6,1614,1555,19,"UA",1280,"N17719","LGA","IAH",239,1416,12,59,2013-10-30 12:00:00
"46",2013,9,17,624,630,-6,745,805,-20,"AA",303,"N504AA","LGA","ORD",106,733,6,30,2013-09-17 06:00:00
"47",2013,12,7,1503,1506,-3,1709,1709,0,"EV",4572,"N14974","EWR","GSP",104,594,15,6,2013-12-07 15:00:00
"48",2013,11,19,1143,1151,-8,1444,1459,-15,"B6",323,"N655JB","JFK","LAX",336,2475,11,51,2013-11-19 11:00:00
"49",2013,5,23,1817,1729,48,2148,2110,38,"UA",1561,"N77431","EWR","SFO",332,2565,17,29,2013-05-23 17:00:00
"50",2013,10,31,1337,1340,-3,1539,1540,-1,"EV",4687,"N24103","EWR","CVG",102,569,13,40,2013-10-31 13:00:00
"51",2013,3,23,2349,2355,-6,331,340,-9,"B6",739,"N504JB","JFK","PSE",196,1617,23,55,2013-03-23 23:00:00
"52",2013,1,9,1851,1900,-9,1952,2012,-20,"US",2140,"N945UW","LGA","BOS",39,184,19,0,2013-01-09 19:00:00
"53",2013,7,1,1531,1315,136,1919,1558,201,"B6",553,"N789JB","JFK","PBI",159,1028,13,15,2013-07-01 13:00:00
"54",2013,6,1,1434,1440,-6,1605,1625,-20,"MQ",4403,"N815MQ","JFK","RDU",64,427,14,40,2013-06-01 14:00:00
"55",2013,6,12,937,945,-8,1206,1240,-34,"B6",393,"N760JB","LGA","MCO",118,950,9,45,2013-06-12 09:00:00
"56",2013,4,21,909,910,-1,1232,1235,-3,"VX",407,"N631VA","JFK","LAX",338,2475,9,10,2013-04-21 09:00:00
"57",2013,9,28,712,720,-8,955,1025,-30,"AS",15,"N557AS","EWR","SEA",323,2402,7,20,2013-09-28 07:00:00
"58",2013,12,25,1450,1450,0,1751,1802,-11,"B6",1171,"N603JB","LGA","FLL",158,1076,14,50,2013-12-25 14:00:00
"59",2013,7,31,1655,1705,-10,1834,1855,-21,"AA",345,"N4XEAA","LGA","ORD",113,733,17,5,2013-07-31 17:00:00
"60",2013,10,3,2046,2030,16,2248,2150,58,"WN",2520,"N728SW","EWR","MDW",129,711,20,30,2013-10-03 20:00:00
"61",2013,9,13,558,600,-2,808,827,-19,"DL",461,"N903DE","LGA","ATL",111,762,6,0,2013-09-13 06:00:00
"62",2013,6,5,1030,1037,-7,1143,1153,-10,"EV",3833,"N14568","EWR","BUF",51,282,10,37,2013-06-05 10:00:00
"63",2013,4,13,1427,1420,7,1706,1700,6,"UA",1114,"N37281","EWR","IAH",206,1400,14,20,2013-04-13 14:00:00
"64",2013,8,15,840,824,16,1029,1017,12,"US",1831,"N181UW","JFK","CLT",86,541,8,24,2013-08-15 08:00:00
"65",2013,3,9,1535,1510,25,1736,1745,-9,"MQ",4309,"N622MQ","JFK","IND",101,665,15,10,2013-03-09 15:00:00
"66",2013,8,28,1525,1215,190,1726,1440,166,"MQ",3658,"N537MQ","LGA","ATL",96,762,12,15,2013-08-28 12:00:00
"67",2013,7,12,1338,1237,61,1443,1351,52,"UA",1248,"N36247","EWR","BOS",36,200,12,37,2013-07-12 12:00:00
"68",2013,1,3,1657,1700,-3,1933,1935,-2,"DL",2042,"N301DQ","EWR","ATL",127,746,17,0,2013-01-03 17:00:00
"69",2013,1,13,820,830,-10,952,1013,-21,"EV",3815,"N17196","EWR","GSO",70,445,8,30,2013-01-13 08:00:00
"70",2013,10,15,1303,1240,23,1459,1438,21,"9E",3291,"N934XJ","EWR","DTW",89,488,12,40,2013-10-15 12:00:00
"71",2013,9,27,1127,1125,2,1303,1310,-7,"AA",327,"N3DSAA","LGA","ORD",109,733,11,25,2013-09-27 11:00:00
"72",2013,2,4,1240,1245,-5,1531,1550,-19,"AA",745,"N3BUAA","LGA","DFW",214,1389,12,45,2013-02-04 12:00:00
"73",2013,12,19,922,902,20,1056,1053,3,"EV",4594,"N13994","EWR","RDU",69,416,9,2,2013-12-19 09:00:00
"74",2013,8,16,2000,2010,-10,2059,2134,-35,"B6",418,"N193JB","JFK","BOS",38,187,20,10,2013-08-16 20:00:00
"75",2013,1,9,1859,1900,-1,2009,2015,-6,"US",2187,"N754UW","LGA","DCA",47,214,19,0,2013-01-09 19:00:00
"76",2013,6,17,2051,1945,66,2248,2149,59,"EV",4361,"N14960","EWR","TYS",100,631,19,45,2013-06-17 19:00:00
"77",2013,9,10,2035,2045,-10,2201,2153,8,"B6",2680,"N284JB","EWR","BOS",46,200,20,45,2013-09-10 20:00:00
"78",2013,7,15,1312,1315,-3,1545,1558,-13,"B6",553,"N613JB","JFK","PBI",135,1028,13,15,2013-07-15 13:00:00
"79",2013,4,13,1725,1725,0,2030,2040,-10,"AA",145,"N3ABAA","JFK","SAN",341,2446,17,25,2013-04-13 17:00:00
"80",2013,7,1,703,705,-2,837,823,14,"EV",4522,"N13550","EWR","BNA",123,748,7,5,2013-07-01 07:00:00
"81",2013,5,29,1656,1700,-4,1817,1823,-6,"US",2183,"N768US","LGA","DCA",54,214,17,0,2013-05-29 17:00:00
"82",2013,10,12,1623,1630,-7,1938,2006,-28,"DL",141,"N624AG","JFK","SFO",337,2586,16,30,2013-10-12 16:00:00
"83",2013,6,25,1502,1252,130,NA,1519,NA,"UA",353,"N406UA","EWR","ATL",NA,746,12,52,2013-06-25 12:00:00
"84",2013,5,27,1630,1630,0,1905,1918,-13,"UA",1249,"N67134","EWR","IAH",185,1400,16,30,2013-05-27 16:00:00
"85",2013,9,17,2050,2100,-10,2159,2211,-12,"US",2164,"N948UW","LGA","BOS",44,184,21,0,2013-09-17 21:00:00
"86",2013,2,25,908,830,38,1055,1023,32,"9E",4220,"N836AY","JFK","RDU",78,427,8,30,2013-02-25 08:00:00
"87",2013,6,22,1447,1459,-12,1611,1649,-38,"MQ",3391,"N720MQ","LGA","CMH",68,479,14,59,2013-06-22 14:00:00
"88",2013,7,31,1121,1125,-4,1216,1231,-15,"B6",2380,"N334JB","EWR","BOS",38,200,11,25,2013-07-31 11:00:00
"89",2013,1,21,1454,1436,18,1602,1543,19,"EV",4372,"N26549","EWR","DCA",47,199,14,36,2013-01-21 14:00:00
"90",2013,8,13,1729,1730,-1,2028,2026,2,"UA",1626,"N33262","EWR","SAN",332,2425,17,30,2013-08-13 17:00:00
"91",2013,2,2,557,600,-3,849,910,-21,"AA",707,"N3BUAA","LGA","DFW",208,1389,6,0,2013-02-02 06:00:00
"92",2013,8,7,729,730,-1,1040,1045,-5,"VX",183,"N845VA","EWR","SFO",350,2565,7,30,2013-08-07 07:00:00
"93",2013,11,15,1526,1529,-3,1733,1735,-2,"UA",1090,"N13716","EWR","MSP",158,1008,15,29,2013-11-15 15:00:00
"94",2013,1,22,2130,2042,48,2309,2231,38,"EV",3833,"N22971","EWR","STL",143,872,20,42,2013-01-22 20:00:00
"95",2013,8,25,1640,1645,-5,1811,1827,-16,"B6",2302,"N249JB","JFK","BUF",56,301,16,45,2013-08-25 16:00:00
"96",2013,1,26,1926,1935,-9,2134,2144,-10,"9E",3899,"N8587E","JFK","CLE",86,425,19,35,2013-01-26 19:00:00
"97",2013,5,1,1829,1830,-1,2142,2204,-22,"UA",1127,"N37273","EWR","SFO",322,2565,18,30,2013-05-01 18:00:00
"98",2013,2,7,1604,1530,34,1753,1711,42,"9E",3719,"N8797A","LGA","RIC",59,292,15,30,2013-02-07 15:00:00
"99",2013,6,18,909,915,-6,1011,1039,-28,"DL",867,"N346NB","JFK","BOS",33,187,9,15,2013-06-18 09:00:00
"100",2013,2,7,2000,2000,0,2251,2304,-13,"B6",21,"N558JB","JFK","TPA",148,1005,20,0,2013-02-07 20:00:00
"101",2013,12,25,1339,1300,39,1624,1610,14,"VX",165,"N633VA","EWR","LAX",323,2454,13,0,2013-12-25 13:00:00
"102",2013,12,5,1855,1858,-3,2208,2150,18,"B6",711,"N779JB","JFK","LAS",352,2248,18,58,2013-12-05 18:00:00
"103",2013,5,3,558,600,-2,736,756,-20,"EV",5068,"N133EV","EWR","DTW",77,488,6,0,2013-05-03 06:00:00
"104",2013,9,28,1637,1640,-3,1926,1947,-21,"B6",423,"N632JB","JFK","LAX",326,2475,16,40,2013-09-28 16:00:00
"105",2013,4,4,557,600,-3,806,805,1,"EV",5020,"N717EV","LGA","MEM",165,963,6,0,2013-04-04 06:00:00
"106",2013,4,19,1639,1545,54,2125,1916,NA,"DL",1043,"N390DA","JFK","SEA",NA,2422,15,45,2013-04-19 15:00:00
"107",2013,8,7,715,715,0,1004,958,6,"UA",312,"N593UA","EWR","SNA",329,2434,7,15,2013-08-07 07:00:00
"108",2013,11,6,1825,1829,-4,2026,2044,-18,"EV",5268,"N615QX","LGA","CLT",84,544,18,29,2013-11-06 18:00:00
"109",2013,3,24,1319,1305,14,1424,1406,18,"EV",4129,"N14203","EWR","DCA",40,199,13,5,2013-03-24 13:00:00
"110",2013,4,19,1339,1325,14,1630,1622,8,"UA",1122,"N27213","EWR","PBI",158,1023,13,25,2013-04-19 13:00:00
"111",2013,6,3,1718,1705,13,1940,1911,29,"US",894,"N167US","LGA","CLT",105,544,17,5,2013-06-03 17:00:00
"112",2013,7,4,1531,1519,12,1812,1820,-8,"UA",996,"N522UA","EWR","SFO",319,2565,15,19,2013-07-04 15:00:00
"113",2013,9,8,1941,1950,-9,2123,2141,-18,"EV",5038,"N716EV","LGA","BHM",108,866,19,50,2013-09-08 19:00:00
"114",2013,2,18,900,905,-5,1218,1235,-17,"VX",407,"N836VA","JFK","LAX",337,2475,9,5,2013-02-18 09:00:00
"115",2013,2,1,757,800,-3,1125,1122,3,"DL",1271,"N972DL","JFK","FLL",175,1069,8,0,2013-02-01 08:00:00
"116",2013,5,3,1126,1130,-4,1357,1330,27,"US",1625,"N151UW","LGA","CLT",91,544,11,30,2013-05-03 11:00:00
"117",2013,3,18,1202,1209,-7,1304,1318,-14,"EV",3267,"N12540","EWR","BTV",46,266,12,9,2013-03-18 12:00:00
"118",2013,8,18,627,630,-3,855,845,10,"DL",575,"N303DQ","EWR","ATL",120,746,6,30,2013-08-18 06:00:00
"119",2013,1,30,1635,1640,-5,1940,1955,-15,"AA",773,"N4YNAA","LGA","DFW",221,1389,16,40,2013-01-30 16:00:00
"120",2013,10,15,1655,1655,0,1834,1820,14,"WN",2988,"N294WN","LGA","MDW",123,725,16,55,2013-10-15 16:00:00
"121",2013,4,19,148,2055,293,250,2225,265,"WN",1731,"N450WN","LGA","MDW",108,725,20,55,2013-04-19 20:00:00
"122",2013,2,21,1406,1354,12,1715,1704,11,"UA",1164,"N12218","EWR","FLL",153,1065,13,54,2013-02-21 13:00:00
"123",2013,8,31,1417,1415,2,1522,1535,-13,"EV",5712,"N827AS","JFK","IAD",43,228,14,15,2013-08-31 14:00:00
"124",2013,6,8,743,740,3,943,950,-7,"WN",1312,"N243WN","EWR","DEN",213,1605,7,40,2013-06-08 07:00:00
"125",2013,6,6,1507,1455,12,1806,1805,1,"AA",759,"N3DTAA","LGA","DFW",207,1389,14,55,2013-06-06 14:00:00
"126",2013,2,16,1855,1855,0,2153,2217,-24,"DL",2159,"N390DA","JFK","MCO",144,944,18,55,2013-02-16 18:00:00
"127",2013,3,17,1139,1145,-6,1357,1402,-5,"DL",401,"N308DE","EWR","ATL",119,746,11,45,2013-03-17 11:00:00
"128",2013,8,3,1501,1505,-4,1646,1650,-4,"WN",882,"N499WN","LGA","STL",134,888,15,5,2013-08-03 15:00:00
"129",2013,6,20,1546,1525,21,1745,1727,18,"EV",4352,"N16911","EWR","CVG",91,569,15,25,2013-06-20 15:00:00
"130",2013,10,4,1810,1815,-5,2106,1954,NA,"EV",5287,"N713EV","LGA","MSN",NA,812,18,15,2013-10-04 18:00:00
"131",2013,3,13,907,914,-7,1218,1206,12,"B6",883,"N665JB","JFK","MCO",155,944,9,14,2013-03-13 09:00:00
"132",2013,11,16,759,806,-7,1034,1035,-1,"UA",561,"N558UA","LGA","DEN",244,1620,8,6,2013-11-16 08:00:00
"133",2013,11,23,1044,1046,-2,1221,1227,-6,"EV",4662,"N23139","EWR","RDU",75,416,10,46,2013-11-23 10:00:00
"134",2013,2,11,1210,1145,25,1509,1454,15,"DL",1875,"N956DL","LGA","TPA",156,1010,11,45,2013-02-11 11:00:00
"135",2013,12,16,NA,1735,NA,NA,1925,NA,"AA",345,"N482AA","LGA","ORD",NA,733,17,35,2013-12-16 17:00:00
"136",2013,12,26,1156,1200,-4,1302,1315,-13,"MQ",3386,"N839MQ","JFK","DCA",46,213,12,0,2013-12-26 12:00:00
"137",2013,12,22,1727,1500,147,2004,1730,154,"MQ",3669,"N3AEMQ","LGA","ATL",129,762,15,0,2013-12-22 15:00:00
"138",2013,11,17,112,2245,147,214,2353,141,"B6",108,"N216JB","JFK","PWM",46,273,22,45,2013-11-17 22:00:00
"139",2013,7,2,1731,1645,46,1904,1815,49,"WN",2625,"N419WN","LGA","MDW",112,725,16,45,2013-07-02 16:00:00
"140",2013,3,11,950,956,-6,1217,1240,-23,"B6",197,"N586JB","JFK","LAS",300,2248,9,56,2013-03-11 09:00:00
"141",2013,7,26,2024,1901,83,2143,2024,79,"EV",4131,"N14179","EWR","RIC",46,277,19,1,2013-07-26 19:00:00
"142",2013,10,3,819,825,-6,1007,1023,-16,"US",409,"N661AW","EWR","CLT",79,529,8,25,2013-10-03 08:00:00
"143",2013,10,26,2115,2050,25,2221,2211,10,"9E",3336,"N604LR","JFK","BOS",39,187,20,50,2013-10-26 20:00:00
"144",2013,3,8,1511,1508,3,1753,1758,-5,"UA",1233,"N76055","EWR","IAH",186,1400,15,8,2013-03-08 15:00:00
"145",2013,11,10,1647,1650,-3,1809,1802,7,"B6",918,"N328JB","JFK","BOS",46,187,16,50,2013-11-10 16:00:00
"146",2013,12,3,1608,1610,-2,1808,1819,-11,"EV",4352,"N12540","EWR","CVG",98,569,16,10,2013-12-03 16:00:00
"147",2013,10,16,1558,1600,-2,1747,1755,-8,"9E",3523,"N922XJ","JFK","ORD",128,740,16,0,2013-10-16 16:00:00
"148",2013,11,12,1725,1729,-4,2011,2028,-17,"UA",1109,"N26123","EWR","MCO",142,937,17,29,2013-11-12 17:00:00
"149",2013,6,11,1255,1300,-5,1437,1508,-31,"UA",1262,"N76265","EWR","MSY",149,1167,13,0,2013-06-11 13:00:00
"150",2013,4,6,810,815,-5,1048,1043,5,"DL",914,"N339NW","LGA","DEN",230,1620,8,15,2013-04-06 08:00:00
"151",2013,12,15,1910,1910,0,2216,2257,-41,"DL",460,"N398DA","JFK","PHX",290,2153,19,10,2013-12-15 19:00:00
"152",2013,11,26,2316,2014,182,24,2139,165,"EV",4224,"N13995","EWR","MKE",114,725,20,14,2013-11-26 20:00:00
"153",2013,11,2,1545,1545,0,1718,1723,-5,"9E",3459,"N919XJ","JFK","BNA",122,765,15,45,2013-11-02 15:00:00
"154",2013,10,29,1856,1900,-4,2042,2057,-15,"9E",3330,"N914XJ","JFK","ORD",128,740,19,0,2013-10-29 19:00:00
"155",2013,6,16,1201,1209,-8,1513,1503,10,"UA",1010,"N14704","EWR","SNA",353,2434,12,9,2013-06-16 12:00:00
"156",2013,2,21,2043,2029,14,2156,2140,16,"9E",3609,"N8587E","JFK","PHL",34,94,20,29,2013-02-21 20:00:00
"157",2013,12,19,1429,1425,4,1655,1653,2,"FL",1070,"N993AT","LGA","ATL",117,762,14,25,2013-12-19 14:00:00
"158",2013,7,24,1616,1615,1,1812,1831,-19,"DL",1619,"N914DL","LGA","MSP",142,1020,16,15,2013-07-24 16:00:00
"159",2013,4,4,14,2245,89,124,2355,89,"B6",22,"N238JB","JFK","SYR",39,209,22,45,2013-04-04 22:00:00
"160",2013,5,19,1437,1440,-3,2056,1645,NA,"DL",1819,"N903DE","LGA","MSP",NA,1020,14,40,2013-05-19 14:00:00
"161",2013,2,14,2003,2007,-4,2221,2206,15,"EV",4572,"N13975","EWR","GSP",100,594,20,7,2013-02-14 20:00:00
"162",2013,5,21,2008,1940,28,2253,2243,10,"DL",1435,"N920DL","LGA","TPA",140,1010,19,40,2013-05-21 19:00:00
"163",2013,12,12,1818,1820,-2,2142,2145,-3,"AA",119,"N3FMAA","EWR","LAX",340,2454,18,20,2013-12-12 18:00:00
"164",2013,6,25,613,615,-2,757,806,-9,"US",1965,"N102UW","EWR","CLT",76,529,6,15,2013-06-25 06:00:00
"165",2013,2,15,1149,1150,-1,1328,1345,-17,"MQ",4646,"N509MQ","LGA","MSP",141,1020,11,50,2013-02-15 11:00:00
"166",2013,12,17,1410,1300,70,1535,1410,85,"US",2148,"N953UW","LGA","BOS",36,184,13,0,2013-12-17 13:00:00
"167",2013,1,17,928,843,45,1207,1115,52,"EV",4388,"N17984","EWR","JAX",129,820,8,43,2013-01-17 08:00:00
"168",2013,11,1,726,730,-4,1054,1100,-6,"VX",11,"N844VA","JFK","SFO",348,2586,7,30,2013-11-01 07:00:00
"169",2013,5,13,1056,1101,-5,1324,1334,-10,"B6",711,"N796JB","JFK","LAS",280,2248,11,1,2013-05-13 11:00:00
"170",2013,12,14,2350,2059,171,136,2244,172,"B6",105,"N337JB","JFK","ORD",122,740,20,59,2013-12-14 20:00:00
"171",2013,4,6,2358,2359,-1,334,339,-5,"B6",727,"N510JB","JFK","BQN",201,1576,23,59,2013-04-06 23:00:00
"172",2013,6,22,824,830,-6,1008,1035,-27,"MQ",3478,"N738MQ","LGA","DTW",77,502,8,30,2013-06-22 08:00:00
"173",2013,8,16,1508,1459,9,1756,1801,-5,"9E",3325,"N907XJ","JFK","DFW",198,1391,14,59,2013-08-16 14:00:00
"174",2013,11,5,609,615,-6,823,817,6,"US",1899,"N556UW","JFK","CLT",100,541,6,15,2013-11-05 06:00:00
"175",2013,6,28,1627,1630,-3,2032,1939,53,"B6",423,"N807JB","JFK","LAX",336,2475,16,30,2013-06-28 16:00:00
"176",2013,11,3,1210,1215,-5,1444,1440,4,"MQ",3670,"N511MQ","LGA","ATL",118,762,12,15,2013-11-03 12:00:00
"177",2013,5,17,929,935,-6,1149,1208,-19,"EV",4140,"N15912","EWR","ATL",104,746,9,35,2013-05-17 09:00:00
"178",2013,9,12,1612,1600,12,1846,1852,-6,"DL",2459,"N3740C","JFK","MCO",122,944,16,0,2013-09-12 16:00:00
"179",2013,2,20,1559,1600,-1,1921,1850,31,"DL",920,"N3735D","JFK","DEN",262,1626,16,0,2013-02-20 16:00:00
"180",2013,12,12,1809,1740,29,2029,1952,37,"EV",5678,"N24128","EWR","CVG",98,569,17,40,2013-12-12 17:00:00
"181",2013,3,19,1331,1146,105,1600,1418,102,"EV",3257,"N16918","EWR","JAX",132,820,11,46,2013-03-19 11:00:00
"182",2013,9,20,822,829,-7,1118,1139,-21,"AA",2267,"N3FBAA","LGA","MIA",140,1096,8,29,2013-09-20 08:00:00
"183",2013,9,20,617,620,-3,808,810,-2,"MQ",3351,"N532MQ","LGA","DTW",81,502,6,20,2013-09-20 06:00:00
"184",2013,7,8,1420,1259,81,1632,1534,58,"DL",781,"N916DE","LGA","ATL",99,762,12,59,2013-07-08 12:00:00
"185",2013,1,9,2046,2100,-14,2209,2235,-26,"MQ",4507,"N713MQ","LGA","RDU",67,431,21,0,2013-01-09 21:00:00
"186",2013,7,5,1733,1725,8,2024,2045,-21,"AA",221,"N5FSAA","JFK","MIA",149,1089,17,25,2013-07-05 17:00:00
"187",2013,12,29,1542,1456,46,1737,1646,51,"EV",4596,"N14959","EWR","STL",146,872,14,56,2013-12-29 14:00:00
"188",2013,11,4,1131,1135,-4,1320,1338,-18,"9E",3373,"N924XJ","EWR","MSP",152,1008,11,35,2013-11-04 11:00:00
"189",2013,10,31,2008,1940,28,2135,2120,15,"AA",363,"N4XYAA","LGA","ORD",119,733,19,40,2013-10-31 19:00:00
"190",2013,7,8,2051,1830,141,2301,2038,143,"DL",2131,"N369NB","LGA","DTW",74,502,18,30,2013-07-08 18:00:00
"191",2013,5,25,1208,1200,8,1312,1312,0,"EV",4377,"N18557","EWR","BTV",49,266,12,0,2013-05-25 12:00:00
"192",2013,11,22,534,540,-6,829,850,-21,"AA",2243,"N5BYAA","JFK","MIA",149,1089,5,40,2013-11-22 05:00:00
"193",2013,2,2,1049,1045,4,1336,1358,-22,"DL",1875,"N928DL","LGA","TPA",153,1010,10,45,2013-02-02 10:00:00
"194",2013,5,11,1538,1522,16,1742,1755,-13,"UA",215,"N488UA","LGA","DEN",228,1620,15,22,2013-05-11 15:00:00
"195",2013,7,20,1756,1759,-3,2014,2058,-44,"UA",535,"N597UA","JFK","LAX",292,2475,17,59,2013-07-20 17:00:00
"196",2013,5,25,1138,1145,-7,1306,1323,-17,"UA",655,"N456UA","LGA","ORD",110,733,11,45,2013-05-25 11:00:00
"197",2013,10,16,1559,1550,9,1846,1816,30,"9E",3488,"N908XJ","LGA","MCI",182,1107,15,50,2013-10-16 15:00:00
"198",2013,7,30,1751,1700,51,2001,1923,38,"9E",3448,"N910XJ","JFK","CVG",92,589,17,0,2013-07-30 17:00:00
"199",2013,6,6,1650,1700,-10,1955,2035,-40,"B6",91,"N746JB","JFK","OAK",327,2576,17,0,2013-06-06 17:00:00
"200",2013,2,17,1529,1530,-1,1720,1734,-14,"US",1665,"N756US","LGA","CLT",85,544,15,30,2013-02-17 15:00:00
"201",2013,4,15,2051,2059,-8,2229,2256,-27,"EV",4368,"N14916","EWR","DAY",82,533,20,59,2013-04-15 20:00:00
"202",2013,9,11,1659,1700,-1,2122,2008,74,"DL",1394,"N3767","JFK","PDX",331,2454,17,0,2013-09-11 17:00:00
"203",2013,7,30,1452,1500,-8,1711,1724,-13,"EV",5199,"N707EV","LGA","CHS",95,641,15,0,2013-07-30 15:00:00
"204",2013,12,30,2117,2025,52,16,2340,36,"UA",314,"N598UA","JFK","LAX",334,2475,20,25,2013-12-30 20:00:00
"205",2013,12,2,1453,1359,54,1556,1508,48,"B6",118,"N229JB","JFK","BOS",34,187,13,59,2013-12-02 13:00:00
"206",2013,11,13,1335,1340,-5,1634,1652,-18,"DL",1779,"N906DL","LGA","FLL",153,1076,13,40,2013-11-13 13:00:00
"207",2013,10,30,610,615,-5,801,818,-17,"US",1989,"N554UW","EWR","CLT",81,529,6,15,2013-10-30 06:00:00
"208",2013,8,25,626,630,-4,849,904,-15,"B6",1099,"N607JB","LGA","MCO",120,950,6,30,2013-08-25 06:00:00
"209",2013,4,29,2146,2130,16,35,16,19,"B6",383,"N729JB","LGA","FLL",153,1076,21,30,2013-04-29 21:00:00
"210",2013,4,29,911,912,-1,1158,1200,-2,"B6",59,"N193JB","JFK","TPA",146,1005,9,12,2013-04-29 09:00:00
"211",2013,5,7,2040,1929,71,2241,2229,12,"AA",2075,"N558AA","EWR","DFW",164,1372,19,29,2013-05-07 19:00:00
"212",2013,2,21,1925,1838,47,2244,2210,34,"UA",389,"N512UA","JFK","SFO",339,2586,18,38,2013-02-21 18:00:00
"213",2013,1,18,726,730,-4,1023,1040,-17,"AA",2083,"N455AA","EWR","DFW",211,1372,7,30,2013-01-18 07:00:00
"214",2013,4,15,736,730,6,1036,1110,-34,"VX",11,"N835VA","JFK","SFO",339,2586,7,30,2013-04-15 07:00:00
"215",2013,2,14,2017,2005,12,2340,2335,5,"VX",415,"N638VA","JFK","LAX",337,2475,20,5,2013-02-14 20:00:00
"216",2013,8,18,1129,1136,-7,1332,1338,-6,"YV",2729,"N928LR","LGA","CLT",85,544,11,36,2013-08-18 11:00:00
"217",2013,6,26,1323,1327,-4,1520,1545,-25,"F9",507,"N206FR","LGA","DEN",204,1620,13,27,2013-06-26 13:00:00
"218",2013,12,4,2212,2215,-3,2314,2325,-11,"EV",4565,"N16951","EWR","SYR",37,195,22,15,2013-12-04 22:00:00
"219",2013,4,21,1710,1710,0,1838,1915,-37,"AA",1351,"N3ENAA","JFK","ORD",117,740,17,10,2013-04-21 17:00:00
"220",2013,1,16,2248,2105,103,26,2217,129,"EV",4119,"N14186","EWR","RIC",57,277,21,5,2013-01-16 21:00:00
"221",2013,4,16,1356,1359,-3,1613,1629,-16,"DL",2247,"N688DL","LGA","ATL",109,762,13,59,2013-04-16 13:00:00
"222",2013,11,18,1644,1650,-6,1947,2002,-15,"B6",89,"N607JB","JFK","SAN",341,2446,16,50,2013-11-18 16:00:00
"223",2013,11,30,742,745,-3,1022,1040,-18,"MQ",3066,"N526MQ","JFK","TPA",138,1005,7,45,2013-11-30 07:00:00
"224",2013,10,30,1703,1706,-3,1821,1818,3,"B6",2580,"N324JB","EWR","BOS",49,200,17,6,2013-10-30 17:00:00
"225",2013,4,4,1421,1430,-9,1523,1554,-31,"EV",5766,"N832AS","LGA","IAD",46,229,14,30,2013-04-04 14:00:00
"226",2013,4,25,1759,1800,-1,2057,2035,22,"DL",61,"N623DL","LGA","ATL",113,762,18,0,2013-04-25 18:00:00
"227",2013,4,22,1006,910,56,1306,1158,68,"B6",517,"N625JB","EWR","MCO",156,937,9,10,2013-04-22 09:00:00
"228",2013,4,5,917,912,5,1231,1200,31,"B6",59,"N274JB","JFK","TPA",174,1005,9,12,2013-04-05 09:00:00
"229",2013,2,14,1027,1029,-2,1249,1300,-11,"UA",644,"N563UA","LGA","DEN",225,1620,10,29,2013-02-14 10:00:00
"230",2013,11,3,927,930,-3,1406,1417,-11,"B6",403,"N634JB","JFK","SJU",197,1598,9,30,2013-11-03 09:00:00
"231",2013,8,13,554,600,-6,741,751,-10,"EV",5068,"N748EV","EWR","DTW",89,488,6,0,2013-08-13 06:00:00
"232",2013,4,1,1213,1220,-7,1327,1350,-23,"MQ",3697,"N516MQ","EWR","ORD",108,719,12,20,2013-04-01 12:00:00
"233",2013,11,7,1127,1135,-8,1324,1338,-14,"9E",3373,"N905XJ","EWR","MSP",154,1008,11,35,2013-11-07 11:00:00
"234",2013,12,17,NA,1930,NA,NA,2155,NA,"9E",3445,NA,"LGA","DSM",NA,1031,19,30,2013-12-17 19:00:00
"235",2013,12,4,1906,1830,36,2133,2124,9,"B6",183,"N586JB","JFK","MCO",125,944,18,30,2013-12-04 18:00:00
"236",2013,10,14,2103,2100,3,2248,2245,3,"MQ",3384,"N507MQ","LGA","CLT",81,544,21,0,2013-10-14 21:00:00
"237",2013,4,17,647,650,-3,926,945,-19,"AA",711,"N3EJAA","LGA","DFW",198,1389,6,50,2013-04-17 06:00:00
"238",2013,3,5,1754,1754,0,2126,2109,17,"UA",1127,"N75853","EWR","SFO",344,2565,17,54,2013-03-05 17:00:00
"239",2013,5,16,1606,1550,16,1746,1708,38,"EV",3824,"N16954","EWR","BNA",115,748,15,50,2013-05-16 15:00:00
"240",2013,4,18,NA,1555,NA,NA,1715,NA,"MQ",3695,"N514MQ","EWR","ORD",NA,719,15,55,2013-04-18 15:00:00
"241",2013,8,2,1820,1824,-4,2123,2129,-6,"B6",1013,"N618JB","JFK","LGB",312,2465,18,24,2013-08-02 18:00:00
"242",2013,3,8,28,2015,253,247,2320,207,"UA",299,"N401UA","EWR","DFW",186,1372,20,15,2013-03-08 20:00:00
"243",2013,1,1,2056,2004,52,2156,2112,44,"EV",4170,"N12540","EWR","ALB",31,143,20,4,2013-01-01 20:00:00
"244",2013,2,11,1653,1548,65,1927,1830,57,"DL",95,"N3766","JFK","ATL",128,760,15,48,2013-02-11 15:00:00
"245",2013,9,25,702,710,-8,1000,1015,-15,"DL",1879,"N371NB","LGA","FLL",142,1076,7,10,2013-09-25 07:00:00
"246",2013,8,18,1805,1629,96,2104,1927,97,"B6",1161,"N504JB","LGA","PBI",146,1035,16,29,2013-08-18 16:00:00
"247",2013,11,23,1026,1030,-4,1313,1324,-11,"B6",925,"N516JB","JFK","TPA",150,1005,10,30,2013-11-23 10:00:00
"248",2013,4,25,1958,1935,23,2338,2249,49,"UA",1010,"N17730","EWR","MIA",168,1085,19,35,2013-04-25 19:00:00
"249",2013,6,19,1815,1815,0,2155,2140,15,"DL",17,"N199DN","JFK","LAX",336,2475,18,15,2013-06-19 18:00:00
"250",2013,9,4,1021,1030,-9,1316,1340,-24,"VX",187,"N621VA","EWR","SFO",333,2565,10,30,2013-09-04 10:00:00
"251",2013,1,9,1305,1245,20,1615,1550,25,"AA",745,"N3JEAA","LGA","DFW",221,1389,12,45,2013-01-09 12:00:00
"252",2013,12,26,611,615,-4,807,818,-11,"US",1963,"N186US","EWR","CLT",96,529,6,15,2013-12-26 06:00:00
"253",2013,9,17,805,810,-5,1033,1100,-27,"UA",1218,"N16701","EWR","DFW",177,1372,8,10,2013-09-17 08:00:00
"254",2013,11,10,1912,1830,42,2050,1950,60,"MQ",3486,"N537MQ","LGA","BNA",118,764,18,30,2013-11-10 18:00:00
"255",2013,12,6,2121,2059,22,2316,2244,32,"B6",105,"N296JB","JFK","ORD",145,740,20,59,2013-12-06 20:00:00
"256",2013,4,30,1522,1530,-8,1641,1710,-29,"9E",4178,"N8903A","JFK","ROC",47,264,15,30,2013-04-30 15:00:00
"257",2013,10,30,1951,1956,-5,2154,2155,-1,"DL",2131,"N336NB","LGA","DTW",81,502,19,56,2013-10-30 19:00:00
"258",2013,10,2,1347,1350,-3,1620,1643,-23,"B6",1783,"N534JB","JFK","MCO",131,944,13,50,2013-10-02 13:00:00
"259",2013,10,21,1308,1311,-3,1443,1449,-6,"EV",3822,"N15973","EWR","GSO",78,445,13,11,2013-10-21 13:00:00
"260",2013,3,25,2045,1959,46,2332,2303,29,"UA",524,"N412UA","EWR","IAH",203,1400,19,59,2013-03-25 19:00:00
"261",2013,7,26,1434,1440,-6,1645,1643,2,"DL",1231,"N360NB","LGA","DTW",76,502,14,40,2013-07-26 14:00:00
"262",2013,7,5,1205,1210,-5,1435,1500,-25,"AA",743,"N426AA","LGA","DFW",187,1389,12,10,2013-07-05 12:00:00
"263",2013,1,6,658,700,-2,836,835,1,"UA",297,"N463UA","EWR","ORD",119,719,7,0,2013-01-06 07:00:00
"264",2013,8,11,1431,1440,-9,1640,1647,-7,"B6",575,"N192JB","JFK","MSY",161,1182,14,40,2013-08-11 14:00:00
"265",2013,3,8,1956,1706,170,2241,2016,145,"B6",15,"N236JB","JFK","FLL",136,1069,17,6,2013-03-08 17:00:00
"266",2013,11,9,1151,1200,-9,1240,1309,-29,"US",2146,"N955UW","LGA","BOS",33,184,12,0,2013-11-09 12:00:00
"267",2013,7,17,558,600,-2,836,830,6,"AA",707,"N3JTAA","LGA","DFW",179,1389,6,0,2013-07-17 06:00:00
"268",2013,8,21,728,730,-2,1007,1025,-18,"AA",33,"N319AA","JFK","LAX",298,2475,7,30,2013-08-21 07:00:00
"269",2013,2,1,1302,1245,17,1600,1550,10,"AA",745,"N3GDAA","LGA","DFW",209,1389,12,45,2013-02-01 12:00:00
"270",2013,2,26,1512,1515,-3,1806,1805,1,"UA",1674,"N78060","EWR","IAH",208,1400,15,15,2013-02-26 15:00:00
"271",2013,7,9,1546,1545,1,1843,1814,29,"DL",1705,"N353NB","LGA","MSY",147,1183,15,45,2013-07-09 15:00:00
"272",2013,6,25,557,600,-3,756,824,-28,"DL",461,"N678DL","LGA","ATL",100,762,6,0,2013-06-25 06:00:00
"273",2013,7,16,729,724,5,1001,1003,-2,"UA",1592,"N81449","EWR","MCO",122,937,7,24,2013-07-16 07:00:00
"274",2013,10,18,1138,1145,-7,1359,1403,-4,"DL",401,"N324NB","EWR","ATL",119,746,11,45,2013-10-18 11:00:00
"275",2013,8,6,2025,2030,-5,2129,2211,-42,"EV",5048,"N398CA","LGA","RIC",46,292,20,30,2013-08-06 20:00:00
"276",2013,2,20,1131,1135,-4,1446,1446,0,"DL",950,"N367NW","LGA","FLL",163,1076,11,35,2013-02-20 11:00:00
"277",2013,2,5,1553,1600,-7,1846,1912,-26,"DL",4,"N3769L","JFK","MCO",140,944,16,0,2013-02-05 16:00:00
"278",2013,5,29,1456,1500,-4,1646,1722,-36,"EV",4971,"N709EV","LGA","CHS",87,641,15,0,2013-05-29 15:00:00
"279",2013,9,20,1605,1600,5,1829,1852,-23,"DL",2459,"N388DA","JFK","MCO",118,944,16,0,2013-09-20 16:00:00
"280",2013,9,20,627,630,-3,739,753,-14,"B6",905,"N568JB","JFK","ORD",108,740,6,30,2013-09-20 06:00:00
"281",2013,5,22,1351,1342,9,1501,1449,12,"EV",3832,"N13968","EWR","PWM",47,284,13,42,2013-05-22 13:00:00
"282",2013,3,20,756,800,-4,958,1004,-6,"B6",1273,"N228JB","JFK","CHS",104,636,8,0,2013-03-20 08:00:00
"283",2013,9,12,NA,1757,NA,NA,1954,NA,"EV",4410,"N11113","EWR","CAE",NA,602,17,57,2013-09-12 17:00:00
"284",2013,7,26,1334,1315,19,1510,1449,21,"EV",4552,"N13989","EWR","GSO",68,445,13,15,2013-07-26 13:00:00
"285",2013,10,9,2026,2025,1,2314,2342,-28,"DL",2065,"N372DA","JFK","FLL",143,1069,20,25,2013-10-09 20:00:00
"286",2013,1,20,1555,1555,0,1749,1746,3,"B6",1053,"N266JB","JFK","PIT",84,340,15,55,2013-01-20 15:00:00
"287",2013,10,3,1609,1615,-6,1851,1824,27,"DL",1619,"N910DL","LGA","MSP",165,1020,16,15,2013-10-03 16:00:00
"288",2013,3,10,1504,1507,-3,1837,1902,-25,"B6",703,"N796JB","JFK","SJU",186,1598,15,7,2013-03-10 15:00:00
"289",2013,7,28,2059,2059,0,2238,2245,-7,"EV",4672,"N13566","EWR","STL",130,872,20,59,2013-07-28 20:00:00
"290",2013,6,13,758,800,-2,919,922,-3,"UA",1199,"N16713","EWR","BOS",38,200,8,0,2013-06-13 08:00:00
"291",2013,6,3,625,630,-5,932,916,16,"B6",27,"N789JB","JFK","TPA",149,1005,6,30,2013-06-03 06:00:00
"292",2013,11,1,602,600,2,843,815,28,"FL",345,"N353AT","LGA","ATL",131,762,6,0,2013-11-01 06:00:00
"293",2013,11,2,1043,1045,-2,1208,1218,-10,"UA",1263,"N24729","LGA","ORD",113,733,10,45,2013-11-02 10:00:00
"294",2013,7,11,1522,1510,12,1645,1643,2,"UA",253,"N556UA","EWR","ORD",107,719,15,10,2013-07-11 15:00:00
"295",2013,11,11,2058,2106,-8,2212,2213,-1,"B6",2680,"N190JB","EWR","BOS",45,200,21,6,2013-11-11 21:00:00
"296",2013,7,27,2121,2129,-8,2305,2328,-23,"EV",4700,"N12924","EWR","CLT",83,529,21,29,2013-07-27 21:00:00
"297",2013,6,21,1915,1915,0,2132,2211,-39,"DL",1629,"N380DA","JFK","LAS",283,2248,19,15,2013-06-21 19:00:00
"298",2013,4,28,1659,1655,4,1957,2030,-33,"VX",413,"N642VA","JFK","LAX",322,2475,16,55,2013-04-28 16:00:00
"299",2013,5,23,1627,1629,-2,2052,1941,71,"UA",789,"N418UA","EWR","LAX",328,2454,16,29,2013-05-23 16:00:00
"300",2013,8,20,943,950,-7,1143,1220,-37,"VX",251,"N638VA","JFK","LAS",275,2248,9,50,2013-08-20 09:00:00
"301",2013,12,6,1843,1840,3,2126,2110,16,"UA",485,"N457UA","EWR","DEN",246,1605,18,40,2013-12-06 18:00:00
"302",2013,1,28,1723,1719,4,2006,1945,21,"UA",509,"N593UA","LGA","DEN",255,1620,17,19,2013-01-28 17:00:00
"303",2013,2,4,1516,1358,78,1816,1700,76,"UA",385,"N419UA","EWR","IAH",222,1400,13,58,2013-02-04 13:00:00
"304",2013,2,14,928,835,53,1156,1105,51,"MQ",4610,"N526MQ","LGA","ATL",115,762,8,35,2013-02-14 08:00:00
"305",2013,1,11,831,835,-4,1123,1150,-27,"AA",717,"N3CHAA","LGA","DFW",207,1389,8,35,2013-01-11 08:00:00
"306",2013,2,21,1516,1500,16,1718,1655,23,"MQ",4429,"N725MQ","LGA","CMH",90,479,15,0,2013-02-21 15:00:00
"307",2013,5,2,757,759,-2,904,931,-27,"UA",279,"N453UA","EWR","ORD",101,719,7,59,2013-05-02 07:00:00
"308",2013,2,24,604,600,4,908,927,-19,"UA",1205,"N76504","EWR","LAX",337,2454,6,0,2013-02-24 06:00:00
"309",2013,2,1,1700,1700,0,2009,2006,3,"B6",509,"N590JB","EWR","FLL",162,1065,17,0,2013-02-01 17:00:00
"310",2013,10,20,1353,1350,3,1646,1643,3,"B6",1783,"N644JB","JFK","MCO",146,944,13,50,2013-10-20 13:00:00
"311",2013,2,28,1855,1857,-2,2155,2158,-3,"UA",1203,"N13718","EWR","PBI",154,1023,18,57,2013-02-28 18:00:00
"312",2013,4,23,1856,1845,11,2118,2110,8,"9E",3403,"N931XJ","JFK","MCI",170,1113,18,45,2013-04-23 18:00:00
"313",2013,2,28,1613,1615,-2,1746,1815,-29,"9E",3330,"N906XJ","JFK","RDU",71,427,16,15,2013-02-28 16:00:00
"314",2013,3,30,951,956,-5,1232,1240,-8,"B6",197,"N821JB","JFK","LAS",319,2248,9,56,2013-03-30 09:00:00
"315",2013,11,8,1457,1505,-8,1647,1655,-8,"MQ",3391,"N808MQ","LGA","CMH",80,479,15,5,2013-11-08 15:00:00
"316",2013,3,23,1501,1455,6,1846,1819,27,"UA",458,"N818UA","EWR","SFO",357,2565,14,55,2013-03-23 14:00:00
"317",2013,4,21,856,900,-4,951,1035,-44,"EV",5025,"N761ND","LGA","BTV",42,258,9,0,2013-04-21 09:00:00
"318",2013,6,23,1801,1730,31,2020,1956,24,"F9",837,"N210FR","LGA","DEN",235,1620,17,30,2013-06-23 17:00:00
"319",2013,9,20,1645,1545,60,1937,1855,42,"DL",31,"N3767","JFK","SLC",267,1990,15,45,2013-09-20 15:00:00
"320",2013,9,16,2022,2029,-7,2312,2331,-19,"UA",1615,"N37468","EWR","AUS",191,1504,20,29,2013-09-16 20:00:00
"321",2013,8,8,2043,1920,83,2235,2100,95,"AA",361,"N3JVAA","LGA","ORD",119,733,19,20,2013-08-08 19:00:00
"322",2013,2,24,1247,1300,-13,1359,1407,-8,"US",2175,"N762US","LGA","DCA",46,214,13,0,2013-02-24 13:00:00
"323",2013,12,20,1049,1046,3,1239,1222,17,"UA",1622,"N17730","EWR","ORD",131,719,10,46,2013-12-20 10:00:00
"324",2013,3,6,2234,2040,114,2328,2148,100,"B6",1178,"N317JB","EWR","BOS",41,200,20,40,2013-03-06 20:00:00
"325",2013,7,15,2039,2030,9,2214,2211,3,"EV",5048,"N724EV","LGA","RIC",44,292,20,30,2013-07-15 20:00:00
"326",2013,1,26,1623,1635,-12,1716,1750,-34,"B6",1176,"N229JB","EWR","BOS",41,200,16,35,2013-01-26 16:00:00
"327",2013,2,9,NA,1445,NA,NA,1744,NA,"B6",153,"N649JB","JFK","MCO",NA,944,14,45,2013-02-09 14:00:00
"328",2013,4,25,722,700,22,857,831,26,"UA",583,"N408UA","LGA","ORD",124,733,7,0,2013-04-25 07:00:00
"329",2013,7,13,1926,1515,251,2155,1816,219,"DL",2181,"N990DL","LGA","MCO",124,950,15,15,2013-07-13 15:00:00
"330",2013,4,19,553,600,-7,829,845,-16,"B6",145,"N590JB","JFK","PBI",133,1028,6,0,2013-04-19 06:00:00
"331",2013,7,12,1819,1825,-6,2021,2032,-11,"DL",1715,"N331NB","LGA","MSY",156,1183,18,25,2013-07-12 18:00:00
"332",2013,3,12,558,610,-12,912,915,-3,"AA",1837,"N3DNAA","LGA","MIA",171,1096,6,10,2013-03-12 06:00:00
"333",2013,1,19,1700,1705,-5,1937,1940,-3,"WN",2499,"N218WN","LGA","DEN",246,1620,17,5,2013-01-19 17:00:00
"334",2013,4,28,1445,1450,-5,1725,1745,-20,"AA",1813,"N5FMAA","JFK","MCO",131,944,14,50,2013-04-28 14:00:00
"335",2013,11,17,1554,1555,-1,1719,1740,-21,"EV",5091,"N582CA","LGA","PIT",55,335,15,55,2013-11-17 15:00:00
"336",2013,4,19,721,725,-4,859,905,-6,"AA",305,"N439AA","LGA","ORD",120,733,7,25,2013-04-19 07:00:00
"337",2013,1,9,803,805,-2,1108,1113,-5,"B6",17,"N746JB","JFK","FLL",161,1069,8,5,2013-01-09 08:00:00
"338",2013,3,29,1239,1245,-6,1526,1550,-24,"AA",745,"N3JLAA","LGA","DFW",205,1389,12,45,2013-03-29 12:00:00
"339",2013,3,7,1454,1459,-5,1747,1816,-29,"UA",1134,"N14214","EWR","AUS",214,1504,14,59,2013-03-07 14:00:00
"340",2013,8,21,1824,1824,0,2046,2129,-43,"B6",1013,"N585JB","JFK","LGB",302,2465,18,24,2013-08-21 18:00:00
"341",2013,12,17,1623,1630,-7,1938,1845,53,"DL",2231,"N921DL","LGA","DTW",86,502,16,30,2013-12-17 16:00:00
"342",2013,3,20,1802,1750,12,2130,2105,25,"UA",1127,"N78866","EWR","SFO",359,2565,17,50,2013-03-20 17:00:00
"343",2013,7,15,1712,1700,12,1907,1923,-16,"9E",3448,"N936XJ","JFK","CVG",84,589,17,0,2013-07-15 17:00:00
"344",2013,7,16,1708,1710,-2,1946,2015,-29,"AA",181,"N335AA","JFK","LAX",300,2475,17,10,2013-07-16 17:00:00
"345",2013,5,28,626,632,-6,853,920,-27,"UA",753,"N432UA","LGA","IAH",187,1416,6,32,2013-05-28 06:00:00
"346",2013,5,12,927,930,-3,1232,1240,-8,"WN",972,"N287WN","EWR","AUS",225,1504,9,30,2013-05-12 09:00:00
"347",2013,4,7,1614,1620,-6,1908,1916,-8,"B6",985,"N586JB","LGA","TPA",150,1010,16,20,2013-04-07 16:00:00
"348",2013,12,6,1958,2002,-4,2104,2121,-17,"UA",1703,"N36444","EWR","BOS",39,200,20,2,2013-12-06 20:00:00
"349",2013,3,8,829,750,39,1136,1045,51,"B6",389,"N558JB","LGA","MCO",127,950,7,50,2013-03-08 07:00:00
"350",2013,5,22,2050,1905,105,37,2224,133,"B6",111,"N597JB","JFK","FLL",140,1069,19,5,2013-05-22 19:00:00
"351",2013,9,10,2026,2030,-4,2129,2155,-26,"WN",1707,"N468WN","LGA","MDW",101,725,20,30,2013-09-10 20:00:00
"352",2013,10,15,925,929,-4,1207,1234,-27,"AA",1223,"N513AA","EWR","DFW",201,1372,9,29,2013-10-15 09:00:00
"353",2013,7,20,754,720,34,901,840,21,"WN",2030,"N914WN","LGA","MKE",109,738,7,20,2013-07-20 07:00:00
"354",2013,7,23,1750,1700,50,2044,1923,81,"9E",3448,"N924XJ","JFK","CVG",93,589,17,0,2013-07-23 17:00:00
"355",2013,1,12,1833,1800,33,2108,2016,52,"EV",4397,"N11191","EWR","MCI",174,1092,18,0,2013-01-12 18:00:00
"356",2013,10,26,1303,1206,57,1526,1415,71,"EV",4567,"N21144","EWR","MCI",169,1092,12,6,2013-10-26 12:00:00
"357",2013,5,18,1043,1050,-7,1158,1209,-11,"B6",4,"N304JB","JFK","BUF",58,301,10,50,2013-05-18 10:00:00
"358",2013,8,19,810,815,-5,915,935,-20,"MQ",3355,"N527MQ","LGA","BNA",104,764,8,15,2013-08-19 08:00:00
"359",2013,6,10,555,600,-5,820,850,-30,"AA",707,"N3FJAA","LGA","DFW",190,1389,6,0,2013-06-10 06:00:00
"360",2013,10,3,952,1000,-8,1239,1244,-5,"DL",1847,"N942DL","LGA","ATL",113,762,10,0,2013-10-03 10:00:00
"361",2013,6,9,1809,1735,34,1951,1915,36,"WN",19,"N255WN","EWR","STL",127,872,17,35,2013-06-09 17:00:00
"362",2013,2,1,1942,1945,-3,2227,2241,-14,"9E",3314,"N932XJ","JFK","JAX",125,828,19,45,2013-02-01 19:00:00
"363",2013,2,17,2053,2100,-7,2210,2220,-10,"MQ",3744,"N542MQ","EWR","ORD",109,719,21,0,2013-02-17 21:00:00
"364",2013,3,14,1759,1800,-1,1923,1940,-17,"UA",578,"N843UA","EWR","ORD",109,719,18,0,2013-03-14 18:00:00
"365",2013,9,2,2021,1559,262,2254,1843,251,"DL",847,"N999DN","LGA","ATL",112,762,15,59,2013-09-02 15:00:00
"366",2013,8,27,1401,1245,76,1508,1404,64,"EV",4905,"N717EV","LGA","SYR",37,198,12,45,2013-08-27 12:00:00
"367",2013,9,23,1550,1600,-10,1853,1906,-13,"B6",1117,"N593JB","LGA","TPA",137,1010,16,0,2013-09-23 16:00:00
"368",2013,2,6,1452,1500,-8,1630,1653,-23,"US",720,"N171US","EWR","CLT",79,529,15,0,2013-02-06 15:00:00
"369",2013,11,3,859,905,-6,1058,1114,-16,"DL",181,"N302NB","LGA","DTW",91,502,9,5,2013-11-03 09:00:00
"370",2013,5,31,2000,1930,30,2131,2117,14,"DL",975,"N348NB","LGA","PIT",54,335,19,30,2013-05-31 19:00:00
"371",2013,10,1,1917,1900,17,2123,2133,-10,"DL",245,"N3734B","JFK","PHX",266,2153,19,0,2013-10-01 19:00:00
"372",2013,10,16,1156,1200,-4,1257,1315,-18,"WN",3330,"N951WN","EWR","MDW",105,711,12,0,2013-10-16 12:00:00
"373",2013,12,5,NA,1455,NA,NA,1655,NA,"MQ",2815,"N644MQ","JFK","CLE",NA,425,14,55,2013-12-05 14:00:00
"374",2013,12,13,645,645,0,951,955,-4,"AA",1107,"N3ATAA","LGA","DFW",217,1389,6,45,2013-12-13 06:00:00
"375",2013,10,11,1829,1815,14,2146,2135,11,"AA",1611,"N3KRAA","LGA","MIA",149,1096,18,15,2013-10-11 18:00:00
"376",2013,5,13,1626,1545,41,1826,1823,3,"DL",2143,"N3752","JFK","ATL",99,760,15,45,2013-05-13 15:00:00
"377",2013,8,30,1310,1246,24,1501,1514,-13,"UA",1605,"N75425","EWR","LAS",264,2227,12,46,2013-08-30 12:00:00
"378",2013,1,19,1000,1005,-5,1335,1326,9,"DL",2044,"N966DL","LGA","MIA",159,1096,10,5,2013-01-19 10:00:00
"379",2013,2,27,1435,1300,95,1530,1406,84,"9E",3638,"N834AY","JFK","PHL",31,94,13,0,2013-02-27 13:00:00
"380",2013,6,5,836,807,29,1137,1100,37,"UA",518,"N445UA","EWR","DFW",194,1372,8,7,2013-06-05 08:00:00
"381",2013,1,13,1531,1500,31,1809,1742,27,"DL",2347,"N900PC","LGA","ATL",118,762,15,0,2013-01-13 15:00:00
"382",2013,5,25,1723,1715,8,2031,2034,-3,"DL",1863,"N323NB","JFK","SAT",208,1587,17,15,2013-05-25 17:00:00
"383",2013,4,7,1947,1950,-3,2227,2229,-2,"UA",1482,"N17719","EWR","PHX",310,2133,19,50,2013-04-07 19:00:00
"384",2013,8,7,1555,1600,-5,1737,1747,-10,"EV",5091,"N741EV","LGA","PIT",56,335,16,0,2013-08-07 16:00:00
"385",2013,1,6,1445,1450,-5,1734,1755,-21,"AA",1813,"N5EUAA","JFK","MCO",144,944,14,50,2013-01-06 14:00:00
"386",2013,2,10,1927,1925,2,2053,2045,8,"9E",4127,"N8577D","JFK","IAD",47,228,19,25,2013-02-10 19:00:00
"387",2013,10,20,1329,1330,-1,1456,1510,-14,"AA",331,"N4YDAA","LGA","ORD",121,733,13,30,2013-10-20 13:00:00
"388",2013,5,31,2002,1728,154,2254,2040,134,"UA",399,"N545UA","EWR","LAX",322,2454,17,28,2013-05-31 17:00:00
"389",2013,1,19,1303,1303,0,1420,1424,-4,"B6",32,"N183JB","JFK","ROC",51,264,13,3,2013-01-19 13:00:00
"390",2013,11,18,1555,1600,-5,1832,1841,-9,"DL",847,"N921DL","LGA","ATL",120,762,16,0,2013-11-18 16:00:00
"391",2013,1,2,827,820,7,1315,1329,-14,"DL",301,"N670DN","JFK","SJU",188,1598,8,20,2013-01-02 08:00:00
"392",2013,2,5,601,600,1,711,703,8,"US",2114,"N756US","LGA","BOS",36,184,6,0,2013-02-05 06:00:00
"393",2013,10,22,655,705,-10,953,953,0,"DL",2285,"N316NB","LGA","MCO",142,950,7,5,2013-10-22 07:00:00
"394",2013,10,12,2110,2110,0,2321,2341,-20,"EV",5811,"N13956","EWR","JAX",115,820,21,10,2013-10-12 21:00:00
"395",2013,11,7,2125,2005,80,2245,2130,75,"EV",4224,"N14960","EWR","MKE",113,725,20,5,2013-11-07 20:00:00
"396",2013,1,1,2002,1955,7,2306,2310,-4,"AA",1709,"N3GSAA","LGA","MIA",159,1096,19,55,2013-01-01 19:00:00
"397",2013,10,5,834,830,4,1128,1130,-2,"UA",281,"N536UA","EWR","SFO",327,2565,8,30,2013-10-05 08:00:00
"398",2013,3,3,730,730,0,1004,1040,-36,"AA",715,"N503AA","LGA","DFW",183,1389,7,30,2013-03-03 07:00:00
"399",2013,4,18,1624,1340,164,1917,1640,157,"AA",753,"N3ERAA","LGA","DFW",202,1389,13,40,2013-04-18 13:00:00
"400",2013,12,15,654,655,-1,927,940,-13,"AA",1263,"N3DDAA","JFK","LAS",309,2248,6,55,2013-12-15 06:00:00
"401",2013,5,25,1729,1729,0,2036,2110,-34,"VX",193,"N633VA","EWR","SFO",349,2565,17,29,2013-05-25 17:00:00
"402",2013,8,21,2052,2055,-3,2314,2341,-27,"UA",447,"N411UA","EWR","MCO",124,937,20,55,2013-08-21 20:00:00
"403",2013,9,4,1147,1147,0,1445,1505,-20,"UA",1246,"N30401","EWR","SFO",332,2565,11,47,2013-09-04 11:00:00
"404",2013,6,6,1721,1727,-6,2039,2024,15,"UA",435,"N822UA","EWR","SAN",330,2425,17,27,2013-06-06 17:00:00
"405",2013,6,12,1536,1530,6,1858,1850,8,"DL",95,"N193DN","JFK","LAX",326,2475,15,30,2013-06-12 15:00:00
"406",2013,11,6,1353,1400,-7,1506,1515,-9,"US",2183,"N752US","LGA","DCA",46,214,14,0,2013-11-06 14:00:00
"407",2013,9,21,621,621,0,835,855,-20,"UA",1110,"N39423","EWR","LAS",290,2227,6,21,2013-09-21 06:00:00
"408",2013,11,8,1600,1559,1,1713,1732,-19,"UA",1564,"N76517","EWR","ORD",117,719,15,59,2013-11-08 15:00:00
"409",2013,3,13,710,715,-5,1005,1037,-32,"B6",671,"N708JB","JFK","LAX",317,2475,7,15,2013-03-13 07:00:00
"410",2013,9,4,1245,1245,0,1544,1600,-16,"AA",1697,"N5DVAA","JFK","MIA",148,1089,12,45,2013-09-04 12:00:00
"411",2013,7,5,1211,1049,82,1404,1308,56,"UA",454,"N530UA","EWR","LAS",274,2227,10,49,2013-07-05 10:00:00
"412",2013,1,17,933,935,-2,1214,1235,-21,"VX",251,"N835VA","JFK","LAS",320,2248,9,35,2013-01-17 09:00:00
"413",2013,7,24,1529,1530,-1,1856,1850,6,"DL",95,"N187DN","JFK","LAX",326,2475,15,30,2013-07-24 15:00:00
"414",2013,9,9,2015,2013,2,2204,2220,-16,"EV",4570,"N13979","EWR","GRR",89,605,20,13,2013-09-09 20:00:00
"415",2013,10,11,1142,1145,-3,1347,1403,-16,"DL",401,"N315NB","EWR","ATL",97,746,11,45,2013-10-11 11:00:00
"416",2013,6,23,1424,1320,64,1701,1608,53,"UA",1054,"N14121","EWR","LAX",314,2454,13,20,2013-06-23 13:00:00
"417",2013,3,23,1819,1820,-1,2139,2150,-11,"AA",119,"N3BGAA","EWR","LAX",345,2454,18,20,2013-03-23 18:00:00
"418",2013,10,2,855,900,-5,1036,1025,11,"UA",1030,"N57852","EWR","ORD",117,719,9,0,2013-10-02 09:00:00
"419",2013,6,25,1500,1459,1,1843,1737,66,"DL",451,"N666DN","LGA","ATL",109,762,14,59,2013-06-25 14:00:00
"420",2013,12,17,1457,1459,-2,1719,1654,25,"US",721,"N167US","EWR","CLT",93,529,14,59,2013-12-17 14:00:00
"421",2013,4,11,2255,2245,10,2355,2359,-4,"B6",128,"N351JB","JFK","BTV",45,266,22,45,2013-04-11 22:00:00
"422",2013,4,5,1200,1200,0,1532,1510,22,"AA",977,"N3FSAA","EWR","MIA",194,1085,12,0,2013-04-05 12:00:00
"423",2013,3,1,601,600,1,827,815,12,"FL",345,"N894AT","LGA","ATL",116,762,6,0,2013-03-01 06:00:00
"424",2013,7,4,1459,1459,0,1734,1819,-45,"DL",161,"N174DZ","JFK","SEA",304,2422,14,59,2013-07-04 14:00:00
"425",2013,7,8,2312,2142,90,6,2259,67,"EV",3832,"N13913","EWR","DCA",38,199,21,42,2013-07-08 21:00:00
"426",2013,6,30,2228,2000,148,2334,2137,117,"UA",695,"N459UA","LGA","ORD",109,733,20,0,2013-06-30 20:00:00
"427",2013,5,16,754,800,-6,1039,1105,-26,"B6",25,"N805JB","JFK","FLL",141,1069,8,0,2013-05-16 08:00:00
"428",2013,12,3,1007,947,20,1501,1430,31,"B6",403,"N547JB","JFK","SJU",208,1598,9,47,2013-12-03 09:00:00
"429",2013,10,22,1008,1010,-2,1241,1240,1,"MQ",3644,"N530MQ","LGA","ATL",122,762,10,10,2013-10-22 10:00:00
"430",2013,1,24,1652,1645,7,1854,1900,-6,"DL",1473,"N332NB","LGA","MEM",143,963,16,45,2013-01-24 16:00:00
"431",2013,10,29,1929,1932,-3,2140,2143,-3,"EV",4361,"N27962","EWR","TYS",96,631,19,32,2013-10-29 19:00:00
"432",2013,10,1,1450,1456,-6,1733,1802,-29,"UA",446,"N807UA","EWR","MIA",136,1085,14,56,2013-10-01 14:00:00
"433",2013,11,23,1656,1700,-4,1953,2020,-27,"AA",172,"N5EEAA","EWR","MIA",151,1085,17,0,2013-11-23 17:00:00
"434",2013,4,21,1446,1450,-4,1605,1627,-22,"9E",4357,"N8923A","JFK","ORF",55,290,14,50,2013-04-21 14:00:00
"435",2013,2,24,1354,1400,-6,1452,1503,-11,"US",2130,"N957UW","LGA","BOS",36,184,14,0,2013-02-24 14:00:00
"436",2013,7,9,1025,1029,-4,1144,1209,-25,"EV",4711,"N14977","EWR","STL",123,872,10,29,2013-07-09 10:00:00
"437",2013,6,11,731,740,-9,959,1004,-5,"B6",611,"N337JB","JFK","JAX",124,828,7,40,2013-06-11 07:00:00
"438",2013,4,3,1834,1845,-11,2029,2030,-1,"MQ",4517,"N725MQ","LGA","CRW",86,444,18,45,2013-04-03 18:00:00
"439",2013,12,12,1712,1714,-2,1825,1832,-7,"UA",309,"N826UA","EWR","BOS",45,200,17,14,2013-12-12 17:00:00
"440",2013,8,29,859,843,16,1119,1114,5,"EV",4388,"N16961","EWR","JAX",109,820,8,43,2013-08-29 08:00:00
"441",2013,4,24,1551,1559,-8,1835,1814,21,"MQ",3985,"N687MQ","JFK","CVG",102,589,15,59,2013-04-24 15:00:00
"442",2013,2,14,1105,1115,-10,1302,1310,-8,"MQ",4485,"N711MQ","LGA","CMH",80,479,11,15,2013-02-14 11:00:00
"443",2013,8,7,655,700,-5,932,1009,-37,"DL",1879,"N970DL","LGA","FLL",137,1076,7,0,2013-08-07 07:00:00
"444",2013,9,7,1146,1145,1,1434,1450,-16,"AA",1623,"N3AVAA","EWR","MIA",148,1085,11,45,2013-09-07 11:00:00
"445",2013,6,18,1903,1550,193,2146,1845,181,"AA",763,"N3DGAA","LGA","DFW",201,1389,15,50,2013-06-18 15:00:00
"446",2013,6,5,1047,1100,-13,1253,1303,-10,"EV",5596,"N611QX","LGA","MEM",127,963,11,0,2013-06-05 11:00:00
"447",2013,11,18,1004,1005,-1,1212,1215,-3,"DL",2319,"N324US","LGA","MSP",159,1020,10,5,2013-11-18 10:00:00
"448",2013,4,24,1501,1520,-19,1800,1811,-11,"B6",537,"N663JB","EWR","TPA",136,997,15,20,2013-04-24 15:00:00
"449",2013,1,9,1723,1730,-7,2017,1957,20,"F9",837,"N953FR","LGA","DEN",263,1620,17,30,2013-01-09 17:00:00
"450",2013,8,22,2126,2010,76,2240,2134,66,"B6",418,"N179JB","JFK","BOS",42,187,20,10,2013-08-22 20:00:00
"451",2013,1,14,1446,1444,2,1816,1802,14,"UA",750,"N409UA","EWR","AUS",241,1504,14,44,2013-01-14 14:00:00
"452",2013,9,25,1057,1100,-3,1315,1339,-24,"DL",1647,"N687DL","LGA","ATL",110,762,11,0,2013-09-25 11:00:00
"453",2013,2,17,1016,950,26,1316,1254,22,"B6",1101,"N648JB","JFK","FLL",152,1069,9,50,2013-02-17 09:00:00
"454",2013,8,8,1459,1500,-1,1728,1653,35,"US",802,"N564UW","EWR","CLT",79,529,15,0,2013-08-08 15:00:00
"455",2013,7,25,2200,2150,10,56,100,-4,"AA",185,"N320AA","JFK","LAX",324,2475,21,50,2013-07-25 21:00:00
"456",2013,9,2,NA,1550,NA,NA,1730,NA,"MQ",3416,"N522MQ","LGA","RDU",NA,431,15,50,2013-09-02 15:00:00
"457",2013,4,7,2036,2040,-4,2149,2154,-5,"B6",1178,"N206JB","EWR","BOS",41,200,20,40,2013-04-07 20:00:00
"458",2013,6,23,NA,1900,NA,NA,2016,NA,"US",2187,NA,"LGA","DCA",NA,214,19,0,2013-06-23 19:00:00
"459",2013,9,23,1641,1635,6,1754,1800,-6,"WN",4209,"N785SW","LGA","MDW",106,725,16,35,2013-09-23 16:00:00
"460",2013,8,21,656,700,-4,802,809,-7,"US",2169,"N765US","LGA","DCA",36,214,7,0,2013-08-21 07:00:00
"461",2013,8,6,1549,1550,-1,1829,1845,-16,"AA",763,"N3EBAA","LGA","DFW",195,1389,15,50,2013-08-06 15:00:00
"462",2013,5,7,1129,1135,-6,1323,1340,-17,"DL",2219,"N321NB","LGA","MSP",130,1020,11,35,2013-05-07 11:00:00
"463",2013,6,11,1356,1340,16,1507,1510,-3,"WN",427,"N422WN","LGA","MDW",110,725,13,40,2013-06-11 13:00:00
"464",2013,2,21,2039,2005,34,2254,2237,17,"EV",4645,"N16961","EWR","JAX",124,820,20,5,2013-02-21 20:00:00
"465",2013,8,6,624,630,-6,811,829,-18,"EV",4471,"N15983","EWR","CLT",81,529,6,30,2013-08-06 06:00:00
"466",2013,2,26,NA,1509,NA,NA,1708,NA,"EV",4166,"N16981","EWR","GSP",NA,594,15,9,2013-02-26 15:00:00
"467",2013,7,29,1815,1810,5,1926,1956,-30,"UA",1298,"N16713","LGA","ORD",110,733,18,10,2013-07-29 18:00:00
"468",2013,2,24,856,859,-3,1207,1211,-4,"UA",800,"N488UA","EWR","MIA",167,1085,8,59,2013-02-24 08:00:00
"469",2013,8,11,2237,2125,72,56,2339,77,"B6",775,"N298JB","JFK","MSY",161,1182,21,25,2013-08-11 21:00:00
"470",2013,5,16,1148,1200,-12,1319,1345,-26,"MQ",4553,"N738MQ","LGA","CLE",68,419,12,0,2013-05-16 12:00:00
"471",2013,6,9,1731,1725,6,2033,2020,13,"AA",1901,"N3CCAA","JFK","IAH",204,1417,17,25,2013-06-09 17:00:00
"472",2013,7,10,2056,2049,7,130,2348,102,"B6",523,"N662JB","JFK","LAX",348,2475,20,49,2013-07-10 20:00:00
"473",2013,10,17,1308,1259,9,1520,1512,8,"EV",5207,"N713EV","LGA","CLT",100,544,12,59,2013-10-17 12:00:00
"474",2013,10,31,1705,1659,6,1851,1840,11,"UA",708,"N405UA","EWR","ORD",124,719,16,59,2013-10-31 16:00:00
"475",2013,6,18,558,600,-2,727,725,2,"AA",301,"N4YSAA","LGA","ORD",133,733,6,0,2013-06-18 06:00:00
"476",2013,12,22,1729,1715,14,1927,1915,12,"AA",199,"N3DAAA","JFK","ORD",135,740,17,15,2013-12-22 17:00:00
"477",2013,1,26,1632,1635,-3,1805,1811,-6,"EV",4485,"N15555","EWR","RDU",70,416,16,35,2013-01-26 16:00:00
"478",2013,1,24,1251,1300,-9,1506,1529,-23,"EV",4950,"N612QX","EWR","ATL",109,746,13,0,2013-01-24 13:00:00
"479",2013,8,27,830,835,-5,1126,1140,-14,"UA",1442,"N16703","EWR","MIA",148,1085,8,35,2013-08-27 08:00:00
"480",2013,2,21,1325,1330,-5,1651,1710,-19,"WN",2058,"N781WN","EWR","PHX",307,2133,13,30,2013-02-21 13:00:00
"481",2013,3,5,1824,1829,-5,2032,2034,-2,"EV",4570,"N13553","EWR","GRR",98,605,18,29,2013-03-05 18:00:00
"482",2013,1,31,1807,1808,-1,2022,1949,33,"UA",1053,"N16703","EWR","CLE",70,404,18,8,2013-01-31 18:00:00
"483",2013,8,13,1713,1703,10,1919,1911,8,"US",894,"N554UW","LGA","CLT",100,544,17,3,2013-08-13 17:00:00
"484",2013,2,5,NA,1645,NA,NA,2005,NA,"AA",181,"N332AA","JFK","LAX",NA,2475,16,45,2013-02-05 16:00:00
"485",2013,6,23,1930,1916,14,2222,2225,-3,"UA",1439,"N24224","EWR","LAX",304,2454,19,16,2013-06-23 19:00:00
"486",2013,10,24,1556,1548,8,1907,1911,-4,"DL",31,"N392DA","JFK","SLC",271,1990,15,48,2013-10-24 15:00:00
"487",2013,4,24,844,847,-3,1121,1054,27,"EV",4548,"N21197","EWR","MCI",164,1092,8,47,2013-04-24 08:00:00
"488",2013,7,19,2328,2135,113,224,30,114,"B6",1201,"N649JB","JFK","FLL",138,1069,21,35,2013-07-19 21:00:00
"489",2013,3,1,1722,1705,17,1950,2010,-20,"AA",1905,"N4YNAA","EWR","DFW",183,1372,17,5,2013-03-01 17:00:00
"490",2013,5,12,1811,1815,-4,2042,2043,-1,"DL",926,"N329NB","EWR","ATL",117,746,18,15,2013-05-12 18:00:00
"491",2013,7,13,756,759,-3,1035,1100,-25,"UA",207,"N578UA","EWR","SFO",309,2565,7,59,2013-07-13 07:00:00
"492",2013,5,10,1706,1655,11,2024,2020,4,"VX",413,"N639VA","JFK","LAX",317,2475,16,55,2013-05-10 16:00:00
"493",2013,12,11,742,745,-3,1046,1040,6,"MQ",3066,"N535MQ","JFK","TPA",157,1005,7,45,2013-12-11 07:00:00
"494",2013,10,21,1059,959,60,1210,1115,55,"EV",5711,"N909EV","JFK","IAD",43,228,9,59,2013-10-21 09:00:00
"495",2013,9,3,927,930,-3,1036,1048,-12,"B6",586,"N274JB","JFK","ROC",53,264,9,30,2013-09-03 09:00:00
"496",2013,4,11,827,829,-2,1052,1057,-5,"B6",611,"N317JB","JFK","JAX",115,828,8,29,2013-04-11 08:00:00
"497",2013,10,6,704,705,-1,837,845,-8,"WN",1265,"N939WN","EWR","STL",125,872,7,5,2013-10-06 07:00:00
"498",2013,12,18,1013,1019,-6,1212,1225,-13,"EV",4255,"N15985","EWR","CHS",93,628,10,19,2013-12-18 10:00:00
"499",2013,10,24,1903,1910,-7,2206,2215,-9,"AA",21,"N336AA","JFK","LAX",322,2475,19,10,2013-10-24 19:00:00
"500",2013,9,18,1436,1440,-4,1617,1640,-23,"DL",1231,"N363NB","LGA","DTW",72,502,14,40,2013-09-18 14:00:00
